Id,Label,timeset
n0,n0,
n1,n1,
n2,n2,
n3,n3,
n4,n4,
n5,n5,
n6,n6,
n7,n7,
n8,n8,
n9,n9,
n10,n10,
n11,n11,
n12,n12,
n13,n13,
n14,n14,
n15,n15,
n16,n16,
n17,n17,
n18,n18,
n19,n19,
n20,n20,
n21,n21,
n22,n22,
n23,n23,
n24,n24,
n25,n25,
n26,n26,
n27,n27,
n28,n28,
n29,n29,
n30,n30,
n31,n31,
n32,n32,
n33,n33,
n34,n34,
n35,n35,
n36,n36,
n37,n37,
n38,n38,
n39,n39,
n40,n40,
n41,n41,
n42,n42,
n43,n43,
n44,n44,
n45,n45,
n46,n46,
n47,n47,
n48,n48,
n49,n49,
n50,n50,
n51,n51,
n52,n52,
n53,n53,
n54,n54,
n55,n55,
n56,n56,
n57,n57,
n58,n58,
n59,n59,
n60,n60,
n61,n61,
n62,n62,
n63,n63,
n64,n64,
n65,n65,
n66,n66,
n67,n67,
n68,n68,
n69,n69,
n70,n70,
n71,n71,
n72,n72,
n73,n73,
n74,n74,
n75,n75,
n76,n76,
n77,n77,
n78,n78,
n79,n79,
n80,n80,
n81,n81,
n82,n82,
n83,n83,
n84,n84,
n85,n85,
n86,n86,
n87,n87,
n88,n88,
n89,n89,
n90,n90,
n91,n91,
n92,n92,
n93,n93,
n94,n94,
n95,n95,
n96,n96,
n97,n97,
n98,n98,
n99,n99,
n100,n100,
n101,n101,
n102,n102,
n103,n103,
n104,n104,
n105,n105,
n106,n106,
n107,n107,
n108,n108,
n109,n109,
n110,n110,
n111,n111,
n112,n112,
n113,n113,
n114,n114,
n115,n115,
n116,n116,
n117,n117,
n118,n118,
n119,n119,
n120,n120,
n121,n121,
n122,n122,
n123,n123,
n124,n124,
n125,n125,
n126,n126,
n127,n127,
n128,n128,
n129,n129,
n130,n130,
n131,n131,
n132,n132,
n133,n133,
n134,n134,
n135,n135,
n136,n136,
n137,n137,
n138,n138,
n139,n139,
n140,n140,
n141,n141,
n142,n142,
n143,n143,
n144,n144,
n145,n145,
n146,n146,
n147,n147,
n148,n148,
n149,n149,
n150,n150,
n151,n151,
n152,n152,
n153,n153,
n154,n154,
n155,n155,
n156,n156,
n157,n157,
n158,n158,
n159,n159,
n160,n160,
n161,n161,
n162,n162,
n163,n163,
n164,n164,
n165,n165,
n166,n166,
n167,n167,
n168,n168,
n169,n169,
n170,n170,
n171,n171,
n172,n172,
n173,n173,
n174,n174,
n175,n175,
n176,n176,
n177,n177,
n178,n178,
n179,n179,
n180,n180,
n181,n181,
n182,n182,
n183,n183,
n184,n184,
n185,n185,
n186,n186,
n187,n187,
n188,n188,
n189,n189,
n190,n190,
n191,n191,
n192,n192,
n193,n193,
n194,n194,
n195,n195,
n196,n196,
n197,n197,
n198,n198,
n199,n199,
n200,n200,
n201,n201,
n202,n202,
n203,n203,
n204,n204,
n205,n205,
n206,n206,
n207,n207,
n208,n208,
n209,n209,
n210,n210,
n211,n211,
n212,n212,
n213,n213,
n214,n214,
n215,n215,
n216,n216,
n217,n217,
n218,n218,
n219,n219,
n220,n220,
n221,n221,
n222,n222,
n223,n223,
n224,n224,
n225,n225,
n226,n226,
n227,n227,
n228,n228,
n229,n229,
n230,n230,
n231,n231,
n232,n232,
n233,n233,
n234,n234,
n235,n235,
n236,n236,
n237,n237,
n238,n238,
n239,n239,
n240,n240,
n241,n241,
n242,n242,
n243,n243,
n244,n244,
n245,n245,
n246,n246,
n247,n247,
n248,n248,
n249,n249,
n250,n250,
n251,n251,
n252,n252,
n253,n253,
n254,n254,
n255,n255,
n256,n256,
n257,n257,
n258,n258,
n259,n259,
n260,n260,
n261,n261,
n262,n262,
n263,n263,
n264,n264,
n265,n265,
n266,n266,
n267,n267,
n268,n268,
n269,n269,
n270,n270,
n271,n271,
n272,n272,
n273,n273,
n274,n274,
n275,n275,
n276,n276,
n277,n277,
n278,n278,
n279,n279,
n280,n280,
n281,n281,
n282,n282,
n283,n283,
n284,n284,
n285,n285,
n286,n286,
n287,n287,
n288,n288,
n289,n289,
n290,n290,
n291,n291,
n292,n292,
n293,n293,
n294,n294,
n295,n295,
n296,n296,
n297,n297,
n298,n298,
n299,n299,
n300,n300,
n301,n301,
n302,n302,
n303,n303,
n304,n304,
n305,n305,
n306,n306,
n307,n307,
n308,n308,
n309,n309,
n310,n310,
n311,n311,
n312,n312,
n313,n313,
n314,n314,
n315,n315,
n316,n316,
n317,n317,
n318,n318,
n319,n319,
n320,n320,
n321,n321,
n322,n322,
n323,n323,
n324,n324,
n325,n325,
n326,n326,
n327,n327,
n328,n328,
n329,n329,
n330,n330,
n331,n331,
n332,n332,
n333,n333,
n334,n334,
n335,n335,
n336,n336,
n337,n337,
n338,n338,
n339,n339,
n340,n340,
n341,n341,
n342,n342,
n343,n343,
n344,n344,
n345,n345,
n346,n346,
n347,n347,
n348,n348,
n349,n349,
n350,n350,
n351,n351,
n352,n352,
n353,n353,
n354,n354,
n355,n355,
n356,n356,
n357,n357,
n358,n358,
n359,n359,
n360,n360,
n361,n361,
n362,n362,
n363,n363,
n364,n364,
n365,n365,
n366,n366,
n367,n367,
n368,n368,
n369,n369,
n370,n370,
n371,n371,
n372,n372,
n373,n373,
n374,n374,
n375,n375,
n376,n376,
n377,n377,
n378,n378,
n379,n379,
n380,n380,
n381,n381,
n382,n382,
n383,n383,
n384,n384,
n385,n385,
n386,n386,
n387,n387,
n388,n388,
n389,n389,
n390,n390,
n391,n391,
n392,n392,
n393,n393,
n394,n394,
n395,n395,
n396,n396,
n397,n397,
n398,n398,
n399,n399,
n400,n400,
n401,n401,
n402,n402,
n403,n403,
n404,n404,
n405,n405,
n406,n406,
n407,n407,
n408,n408,
n409,n409,
n410,n410,
n411,n411,
n412,n412,
n413,n413,
n414,n414,
n415,n415,
n416,n416,
n417,n417,
n418,n418,
n419,n419,
n420,n420,
n421,n421,
n422,n422,
n423,n423,
n424,n424,
n425,n425,
n426,n426,
n427,n427,
n428,n428,
n429,n429,
n430,n430,
n431,n431,
n432,n432,
n433,n433,
n434,n434,
n435,n435,
n436,n436,
n437,n437,
n438,n438,
n439,n439,
n440,n440,
n441,n441,
n442,n442,
n443,n443,
n444,n444,
n445,n445,
n446,n446,
n447,n447,
n448,n448,
n449,n449,
n450,n450,
n451,n451,
n452,n452,
n453,n453,
n454,n454,
n455,n455,
n456,n456,
n457,n457,
n458,n458,
n459,n459,
n460,n460,
n461,n461,
n462,n462,
n463,n463,
n464,n464,
n465,n465,
n466,n466,
n467,n467,
n468,n468,
n469,n469,
n470,n470,
n471,n471,
n472,n472,
n473,n473,
n474,n474,
n475,n475,
n476,n476,
n477,n477,
n478,n478,
n479,n479,
n480,n480,
n481,n481,
n482,n482,
n483,n483,
n484,n484,
n485,n485,
n486,n486,
n487,n487,
n488,n488,
n489,n489,
n490,n490,
n491,n491,
n492,n492,
n493,n493,
n494,n494,
n495,n495,
n496,n496,
n497,n497,
n498,n498,
n499,n499,
